Titre,Auteur,Date,URL,Texte
"A few glimpses from my visit to North Korea, before coronavirus.",uspn,2022/07/24,https://www.reddit.com//r/pics/comments/w6yf1u/a_few_glimpses_from_my_visit_to_north_korea/,"[Pas de contenu textuel disponible, voir le titre ou le lien.]"
Symptoms of Coronavirus,hairbyh,2020/03/15,https://www.reddit.com//r/coolguides/comments/fis2ud/symptoms_of_coronavirus/,"[Pas de contenu textuel disponible, voir le titre ou le lien.]"
Covid surges across US after holidays amid low booster uptake | Coronavirus,koi-lotus-water-pond,2025/01/03,https://www.reddit.com//r/news/comments/1hsw6ff/covid_surges_across_us_after_holidays_amid_low/,"[Pas de contenu textuel disponible, voir le titre ou le lien.]"
"[OC] If you get coronavirus, how likely are you to die from it?",Dapianoman,2020/02/27,https://www.reddit.com//r/dataisbeautiful/comments/fafp9k/oc_if_you_get_coronavirus_how_likely_are_you_to/,"[Pas de contenu textuel disponible, voir le titre ou le lien.]"
Coronavirus Deaths vs Other Epidemics From Day of First Death (Since 2000) [OC],harry29ford,2020/04/09,https://www.reddit.com//r/dataisbeautiful/comments/fxoxti/coronavirus_deaths_vs_other_epidemics_from_day_of/,"[Pas de contenu textuel disponible, voir le titre ou le lien.]"
"On this day in 2020: The world lost the coronavirus whistleblower, doctor 李文亮 (Li Wenliang).",Mellanchef,2022/02/07,https://www.reddit.com//r/pics/comments/smpcx9/on_this_day_in_2020_the_world_lost_the/,"[Pas de contenu textuel disponible, voir le titre ou le lien.]"
[OC] Obesity rate in the United States (1985–2021) / Coronavirus update,Powerpuff_Rangers,2022/10/15,https://www.reddit.com//r/dataisbeautiful/comments/y4logi/oc_obesity_rate_in_the_united_states_19852021/,"[Pas de contenu textuel disponible, voir le titre ou le lien.]"
Have a question about the 2019 novel coronavirus (2019-nCoV)? Ask us here!,AskScienceModerator,2020/02/01,https://www.reddit.com//r/askscience/comments/ewwmem/have_a_question_about_the_2019_novel_coronavirus/,"On Thursday, January 30, 2020, the World Health Organization declared that the new coronavirus epidemic now constitutes a public health emergency of international concern. A majority of cases are affecting people in Hubei Province, China, but additional cases have been reported in at least two dozen other countries. This new coronavirus is currently called the “2019 novel coronavirus” or “2019-nCoV”.  The moderators of /r/AskScience have assembled a [list of Frequently Asked Questions](https://www.reddit.com/r/askscience/wiki/medicine/2019-ncov), including:  - How does 2019-nCoV spread? - What are the symptoms? - What are known risk and prevention factors? - How effective are masks at preventing the spread of 2019-nCoV? - What treatment exists? - What role might pets and other animals play in the outbreak? - What can I do to help prevent the spread of 2019-nCoV if I am sick? - What sort of misinformation is being spread about 2019-nCoV?  Our experts will be on hand to answer your questions below! We also have an earlier [megathread](https://old.reddit.com/r/askscience/comments/etkdx1/coronavirus_megathread/) with additional information.  ---  **Note:** We cannot give medical advice. All requests for or offerings of personal medical advice will be removed, as they're against the /r/AskScience rules. For more information, please see [this post](https://www.reddit.com/r/askscience/comments/s4chc/meta_medical_advice_on_askscience_the_guidelines/)."
"Queen tests positive for coronavirus, Buckingham Palace says",HowAboutThisNameNow,2022/02/20,https://www.reddit.com//r/worldnews/comments/swzm0q/queen_tests_positive_for_coronavirus_buckingham/,"[Pas de contenu textuel disponible, voir le titre ou le lien.]"
Twitter Suspends Marjorie Taylor Greene for Posting Coronavirus Misinformation,anikhch,2021/07/20,https://www.reddit.com//r/news/comments/onryy4/twitter_suspends_marjorie_taylor_greene_for/,"[Pas de contenu textuel disponible, voir le titre ou le lien.]"
GOP Leader Who Fought Against Vaccine Dies After Weeks-Long Battle With Coronavirus,vanulovesyou,2021/08/20,https://www.reddit.com//r/politics/comments/p851wc/gop_leader_who_fought_against_vaccine_dies_after/,"[Pas de contenu textuel disponible, voir le titre ou le lien.]"
Oregon State research shows hemp compounds prevent coronavirus from entering human cells,geoxol,2022/01/11,https://www.reddit.com//r/science/comments/s1n4tw/oregon_state_research_shows_hemp_compounds/,"[Pas de contenu textuel disponible, voir le titre ou le lien.]"
NFL says coronavirus outbreaks among unvaccinated players may lead to forfeits this season,gotmypitchfork,2021/07/22,https://www.reddit.com//r/news/comments/opl0n9/nfl_says_coronavirus_outbreaks_among_unvaccinated/,"[Pas de contenu textuel disponible, voir le titre ou le lien.]"
Covid 19 coronavirus: France mandates vaccination passes for dining and travel,anikhch,2021/07/26,https://www.reddit.com//r/news/comments/orogzi/covid_19_coronavirus_france_mandates_vaccination/,"[Pas de contenu textuel disponible, voir le titre ou le lien.]"
"Chinese Lab Mapped Deadly Coronavirus Two Weeks Before Beijing Told the World, Documents Show",BlitzOrion,2024/01/17,https://www.reddit.com//r/Coronavirus/comments/1991owr/chinese_lab_mapped_deadly_coronavirus_two_weeks/,"[Pas de contenu textuel disponible, voir le titre ou le lien.]"
Biden administration to buy 500 million Pfizer coronavirus vaccine doses to donate to the world,Dooraven,2021/06/09,https://www.reddit.com//r/worldnews/comments/nw1pps/biden_administration_to_buy_500_million_pfizer/,"[Pas de contenu textuel disponible, voir le titre ou le lien.]"
President Donald Trump says he has tested positive for coronavirus,hoosakiwi,2020/10/02,https://www.reddit.com//r/news/comments/j3oj21/president_donald_trump_says_he_has_tested/,"[Pas de contenu textuel disponible, voir le titre ou le lien.]"
Megathread: President Donald Trump announces he has tested positive for Coronavirus,PoliticsModeratorBot,2020/10/02,https://www.reddit.com//r/politics/comments/j3oozc/megathread_president_donald_trump_announces_he/,"President Donald Trump announced he and First Lady Melania Trump had tested positive for the virus and will begin their quarantine and recovery process immediately. The news comes after it was announced that close presidential aide Hope Hicks tested positive Wednesday evening.  ---  ##Submissions that may interest you  SUBMISSION | DOMAIN ---|---- [Trump, Melania test positive for coronavirus, president vows to bring quarantine 'immediately'](https://www.usatoday.com/story/news/politics/2020/10/02/trump-melania-test-positive-coronavirus/5891100002/) | usatoday.com [President Donald Trump says he has tested positive for coronavirus](https://www.cnbc.com/2020/10/02/president-donald-trump-says-he-has-tested-positive-for-coronavirus.html) | cnbc.com [Trump officially tests positive for COVID](https://www.nbcnews.com/politics/donald-trump/trump-first-lady-test-positive-covid-19-n1241769?cid=sm_npd_ms_fb_ma&fbclid=IwAR3IUE4WhCuoJoLvgayMYTRW9RdbdLTOexZ_ykp9T_otK0x_UwPno9OYqU8&fbclid=IwAR1J7v0QGwR3F4Jh2v7OJPmeEjYrCM3xsqTCSbhVp--zFImq2aUHDpDhbd0&fbclid=IwAR1e5vB15s24oB2xb_o_OY4Col5KZK4uVyMxZ2aSzynVyzFwUvWjLd1zrmI) | nbcnews.com [Donald and Melania Trump tested positive for COVID-19](https://www.smh.com.au/world/north-america/donald-trump-and-wife-melania-test-positive-for-covid-19-20201002-p561cu.html) | smh.com.au [Trump Tests Positive for the Coronavirus](https://www.nytimes.com/2020/10/02/us/politics/trump-positive-coronavirus.html?action=click&module=Top%20Stories&pgtype=Homepage) | nytimes.com [Donald Trump Has The Coronavirus](https://www.buzzfeednews.com/article/mattberman/donald-trump-has-the-coronavirus?ref=bfnsplash) | buzzfeednews.com [President Trump And First Lady Test Positive For COVID-19 : NPR](https://www.npr.org/2020/10/02/919385151/president-trump-and-first-lady-test-positive-for-covid-19?origin=NOTIFY&fbclid=IwAR2AYA3xtHxjplpFLvMnJLp8ymIbzrLDtFx_v9C_fuQOvLgp_3ykCv6KxJM) | npr.org [President Trump and wife Melania rest positive for corona virus.](https://www.wcvb.com/article/president-trump-first-lady-melania-test-positive-for-covid-19/34243931#) | wcvb.com [Trump, Melania test positive for COVID-19, president tweets](https://ktla.com/news/nationworld/trump-melania-test-positive-for-covid-19-president-says/) | ktla.com [Donald Trump Tests Positive for Coronavirus](https://www.dw.com/en/donald-trump-tests-positive-for-coronavirus/a-55128389) | dw.com [President Trump and first lady test positive for COVID-19](https://www.abqjournal.com/1502750/top-trump-aide-hope-hicks-tests-positive-for-coronavirus.html) | abqjournal.com [Trump starts ""quarantine process"" after aide Hope Hicks tests positive for coronavirus](https://www.reuters.com/article/health-coronavirus-usa-hicks-int-idUSKBN26N0FV) | reuters.com [President Trump, First Lady test positive for Covid-19](https://www.nbcnews.com/video/watch-live-president-trump-tests-positive-for-covid-19-92979781643) | nbcnews.com [Donald and Melina Trump test positive for Coronavirus](https://www.independent.co.uk/news/world/americas/us-politics/trump-coronavirus-positive-melania-test-result-covid-b744583.html) | independent.co.uk [Trump Tests Positive For Covid-19; Stocks Fall: Virus Update](https://www.bloomberg.com/news/articles/2020-10-01/amazon-workers-had-covid-19-cdc-funds-stalled-virus-update?srnd=premium) | bloomberg.com [Trump tweets he has tested positive for coronavirus](https://www.axios.com/trump-tests-positive-coronavirus-1cf696e6-c163-4e1d-bc3c-2ad635493741.html) | axios.com [Donald Trump and wife test positive for COVID19](https://www.abc.net.au/news/2020-10-02/donald-trump-positive-to-coronavirus-melania-hope-hicks-covid19/12725310) | abc.net.au [Donald Trump and Melania Trump have tested positive for COVID-19](https://www.cnbc.com/amp/2020/10/02/president-donald-trump-says-he-has-tested-positive-for-coronavirus.html) | cnbc.com [Dow futures plunge more than 400 points after Trump says he tested positive for coronavirus](https://www.cnbc.com/2020/10/01/stock-market-futures-open-to-close-news.html?__source=iosappshare%7Ccom.apple.UIKit.activity.CopyToPasteboard) | cnbc.com [President Trump, first lady Melania Trump test positive for coronavirus](https://www.koin.com/news/president-trump-first-lady-melania-trump-test-positive-for-coronavirus/amp/?__twitter_impression=true) | koin.com [President Trump, first lady test positive for COVID-19](https://abcnews.go.com/US/president-trump-lady-test-positive-covid-19/story?id=73380448) | abcnews.go.com [Trump, first lady test positive for Covid-19](http://www.nbcnews.com/news/amp/ncna1241769) | nbcnews.com [President Trump and First Lady Melania Tes Positive for COVID-19](https://amp.usatoday.com/amp/5891100002) | amp.usatoday.com [Donald Trump tests positive for Corona Virus](https://p.dw.com/p/3jJPZ) | p.dw.com [President Trump announces he and Melania Trump have tested positive for the coronavirus after exposure to top aide](https://apnews.com/article/virus-outbreak-health-ap-news-alert-lung-disease-diseases-and-conditions-6c239c124854ba9b23c08555eddc92f2) | apnews.com [President Trump says he, first lady have tested positive for COVID-19](https://fox40.com/news/political-connection/president-trump-says-he-first-lady-will-begin-quarantine-process-after-top-aide-gets-covid-19/) | fox40.com [President Trump and the First Lady test positive for Coronavirus Announced on MSNBC at 11:55 p.m. 10/1/](https://www.reuters.com/article/health-coronavirus-usa-hicks/trump-adviser-hope-hicks-tests-positive-for-the-coronavirus-idUSKBN26N05M) | reuters.com [Donald Trump Tests Positive for COVID-19](https://m.jpost.com/breaking-news/us-president-donald-trump-tests-positive-for-coronavirus-644257) | m.jpost.com [President Trump and First Lady Test Positive for COVID-19](https://www.nbcdfw.com/news/national-international/top-white-house-official-tests-positive-for-coronavirus/2453704/) | nbcdfw.com [Trump says on Twitter he, Melania tested positive for COVID-19](https://www.reuters.com/article/us-health-coronavirus-usa-trump-idUSKBN26N0K4) | reuters.com [Donald Trump, Melania Trump Test Positive For The Coronavirus](https://m.huffpost.com/us/entry/us_5eb5d776c5b69c4b317a5ee5) | m.huffpost.com [Trump Tweet 12:55 AM ET October 2,-- The President has tested Positive for COVID-19.](https://www.nbcphiladelphia.com/news/health/top-white-house-official-tests-positive-for-coronavirus/2550657/) | nbcphiladelphia.com [Trump says on Twitter he, Melania tested positive for COVID-19](https://www.reuters.com/article/us-health-coronavirus-usa-trump/trump-says-on-twitter-he-melania-tested-positive-for-covid-19-idUSKBN26N0K4) | reuters.com [Trump test positive for Covid](https://www.sandiegouniontribune.com/news/nation-world/story/2020-10-01/top-white-house-official-tests-positive-for-coronavirus) | sandiegouniontribune.com [President Trump announces he and Melania Trump have tested positive for the coronavirus after exposure to top aide](https://apnews.com/6c239c124854ba9b23c08555eddc92f2) | apnews.com [Trump, first lady test positive for COVID-19](https://www.whio.com/news/trending/coronavirus-trump-aide-hope-hicks-tests-positive/PWEO62YZKNBADB4YJKFRXTTYUQ/) | whio.com [Trump and first lady Melania Trump test positive for COVID-19](https://www.cbsnews.com/news/trump-covid-19-first-lady-melania-trump-test-positive-for-covid-19-2020-10-02/) | cbsnews.com [President Trump tweets that he, first lady tested positive for COVID-19](https://www.ksat.com/news/politics/2020/10/02/president-trump-tweets-that-he-first-lady-tested-positive-for-covid-19/) | ksat.com [President Trump, Melania Test Positive for COVID-19](https://www.nbcboston.com/news/national-international/top-white-house-official-tests-positive-for-coronavirus/2205069/) | nbcboston.com [Trump tests positive for COVID-19](https://www.aljazeera.com/news/2020/10/2/trump-tests-positive-for-covid-19) | aljazeera.com [Donald Trump Tests Positive For The Coronavirus](https://www.huffpost.com/entry/donald-trump-tests-positive-coronavirus_n_5eb5d776c5b69c4b317a5ee5) | huffpost.com [Donald Trump and Melania Trump Test Positive for COVID-19](https://www.nytimes.com/2020/10/01/us/politics/hope-hicks-coronavirus-white-house.html?referringSource=articleShare) | nytimes.com [President Trump, Melania Test Positive for COVID-19](https://www.nbclosangeles.com/news/national-international/top-white-house-official-tests-positive-for-coronavirus/2437312/) | nbclosangeles.com [President Trump, Melania Test Positive for COVID-19](https://www.nbcbayarea.com/news/national-international/top-white-house-official-tests-positive-for-coronavirus/2373385/) | nbcbayarea.com [Trump Says He and First Lady Tested Positive for Coronavirus](https://www.bloomberg.com/news/articles/2020-10-02/trump-says-he-and-first-lady-tested-positive-for-coronavirus) | bloomberg.com [Trump Tests Positive for COVID](https://go.cnn.com/?stream=cnn) | go.cnn.com [Donald Trump and wife Melania test positive for coronavirus](http://news.sky.com/story/donald-trump-and-wife-melania-test-positive-for-coronavirus-12087447) | news.sky.com [Trump says on Twitter he, Melania tested positive for COVID-19](https://www.reuters.com/article/BigStory12/idUSKBN26N0K4) | reuters.com [President Trump, first lady test positive for COVID-19.](https://abcnews.go.com/amp/US/president-trump-lady-test-positive-covid-19/story?id=73380448&__twitter_impression=true) | abcnews.go.com [Trump says he and first lady tested positive for COVID-19](https://www.bostonglobe.com/2020/10/01/nation/trump-says-he-first-lady-are-awaiting-coronavirus-test-results-after-top-aide-confirmed-positive-covid-19/) | bostonglobe.com [Trump Tests Positive for Covid-19](https://www.rollingstone.com/politics/politics-news/trump-tests-positive-covid-19-1070019/) | rollingstone.com [President Trump and first lady test positive for COVID-19](https://www.king5.com/mobile/article/news/health/coronavirus/hope-hicks-coronavirus-trump-adviser/507-03c3ecb3-4b86-4c0b-9bba-e6ad79adb262?C=m&fbclid=IwAR3J0AhGa74EKJVfTyOVkbwKq6bZmrXwXBZlezpJV-Nn5AqFw0WhRu3nlTE) | king5.com [Trump and first lady Melania Trump test positive for COVID-19](https://www.cbsnews.com/amp/news/trump-covid-19-first-lady-melania-trump-test-positive-for-covid-19-2020-10-02/) | cbsnews.com [Donald Trump and Melania Trump test positive for COVID-19](https://www.cnet.com/news/donald-trump-and-melania-trump-test-positive-for-covid-19/) | cnet.com [President Trump and first lady test positive for COVID-19](https://apnews.com/7fece2838ff7a9bd91ccf5ac287348b3) | apnews.com [President Donald Trump tweets he and first lady Melania Trump test positive for Covid-19](https://www.cnn.com/profiles/jim-acosta-profile) | cnn.com [Trump gets coronavirus from his misstress home hicks](https://www.foxnews.com/politics/president-trump-awaiting-results-of-covid-test-after-top-aide-is-infected-he-tells-sean-hannity) | foxnews.com [President Donald Trump tweets he and first lady Melania Trump test positive for Covid-19](https://www.nytimes.com/2020/10/02/us/politics/trump-covid.html) | nytimes.com [Read the letter from the White House physician about Trump's Covid-19 diagnosis](https://www.nbcnews.com/politics/donald-trump/read-letter-white-house-physician-dr-sean-conley-about-trump-n1241771) | nbcnews.com [What happens if President Trump contracts COVID-19 (July 2020 Article) to provide some context of what might happen.](https://www.brookings.edu/blog/fixgov/2020/07/08/what-happens-if-president-trump-contracts-covid-19/) | brookings.edu [Both Trump and Melania test positive for Coronavirus!](https://www.marketwatch.com/story/president-trump-says-he-has-tested-positive-for-coronavirus-01601615651) | marketwatch.com [President Trump, Melania Trump test positive for COVID-19](https://thehill.com/homenews/administration/519282-president-trump-melania-trump-test-positive-for-covid-19) | thehill.com [Donald Trump, Melania Trump test positive for coronavirus](https://globalnews.ca/news/7373302/hope-hicks-coronavirus-trump/) | globalnews.ca [Trump is corona positive](https://www.ctvnews.ca/world/america-votes/u-s-president-trump-and-first-lady-test-positive-for-covid-19-1.5129420) | ctvnews.ca [Donald and Melanie Trump test positive for the coronavirus](http://www.nytimes.com/2020/10/02/us/politics/trump-positive-coronavirus) | nytimes.com [U.S. President Trump and Melania test positive for COVID-19](https://www.reuters.com/article/us-health-coronavirus-usa-trump/u-s-president-trump-and-melania-test-positive-for-covid-19-idUSKBN26N0K4) | reuters.com [Trump's Doctor statement regarding positive COVID19 test result](https://www.cnn.com/2020/10/02/politics/trump-doctor-covid-statement/index.html) | cnn.com [Trump and First Lady test POSITIVE for COVID-19](https://www.theguardian.com/world/2020/oct/02/friday-briefing-donald-and-melania-trump-test-positive-for-covid) | theguardian.com [U.S. President Trump and Melania test positive for COVID-19](https://www.reuters.com/article/amp/idUSKBN26N0K4) | reuters.com [Dow futures fall more than 400 points after Trump says he tested positive for coronavirus](https://www.cnn.com/2020/10/02/investing/global-stocks/index.html?utm_source=optzlynewmarketribbon) | cnn.com [Trump Says He’ll Begin ‘Quarantine Process’ After Hope Hicks Tests Positive for Coronavirus](https://www.nytimes.com/2020/10/01/us/politics/hope-hicks-coronavirus.html) | nytimes.com [Donald Trump, Melania Trump test positive for coronavirus - National](https://globalnews.ca/news/7373302/hope-hicks-coronavirus-trump/amp/) | globalnews.ca [Donald Trump tests positive for Covid: what we know and don't know - US news](https://www.theguardian.com/us-news/2020/oct/02/donald-trump-tests-positive-covid-test-melania-hope-hicks-coronavirus-white-house-quarantine-what-we-know-so-far) | theguardian.com [Trump has COVID 19](https://www.abc.net.au/news/2020-10-02/coronavirus-australia-live-blog-donald-trump-melania-positive/12723430) | abc.net.au [Mitchell: Trump Covid-19 diagnosis ‘domestic and international crisis’](https://www.nbcnews.com/video/mitchell-trump-covid-19-diagnosis-domestic-and-international-crisis-92984901553) | nbcnews.com [Global shares and oil tumble after Donald Trump tests positive for COVID-19 - Currency News - Financial and Business News - Markets Insider](https://www.businessinsider.com/stock-markets-futures-plunge-gold-up-positive-trump-covid-2020-10) | businessinsider.com [Trump's COVID-19 announcement triggered an immediate sell-off in stock futures](https://theweek.com/speedreads/941220/trumps-covid19-announcement-triggered-immediate-selloff-stock-futures) | theweek.com [President Trump: “Melania and I tested positive for COVID-19”](https://arstechnica.com/science/2020/10/president-trump-melania-and-i-tested-positive-for-covid-19/) | arstechnica.com [Dow futures plunge 500 points as Trump says he tested positive for Covid - Futures tied to the Dow Jones Industrial Average plummeted 500 points. S&P 500 futures and Nasdaq 100 futures were also in negative territory.](https://www.nbcnews.com/business/markets/dow-futures-plunge-more-400-points-trump-says-he-tested-n1241770) | nbcnews.com [U.S. and European stock futures fall after Trump’s positive coronavirus test](https://www.marketwatch.com/story/u-s-and-european-stock-futures-tumble-after-trumps-positive-coronavirus-test-11601618172) | marketwatch.com [President Donald Trump, First Lady Test Positive For Coronavirus](https://abc7chicago.com/politics/president-trump-first-lady-melania-test-positive-for-covid-19/6702814/) | abc7chicago.com ['May God's healing powers touch them': Twitter reacts after President Donald Trump announces he and Melania are positive for COVID-19](https://www.usatoday.com/story/news/politics/2020/10/01/donald-trump-coronavirus-twitter-best-wishes-prayers/5892102002/) | usatoday.com [Rally in Sanford canceled after Trump, first lady test positive for COVID-19](https://www.wftv.com/news/local/seminole-county/supporters-already-lining-up-ahead-trumps-rally-friday/ILROOMXJZZHPTI7Q3TUGOSMZ6U/) | wftv.com [President Trump has tested positive for COVID-19](https://www.usatoday.com/story/news/politics/elections/2020/10/01/trump-positive-covid-19-high-risk-groups-severe-case/5892209002/) | usatoday.com [Trump says he and Melania tested 4 for COVID-19](https://www.salon.com/2020/10/02/trump-says-he-and-melania-tested-positive-for-covid-19/) | salon.com [Trump's age and weight may cause Covid-19 complications, doctors say](https://www.theguardian.com/us-news/2020/oct/02/trumps-age-and-weight-may-cause-covid-19-complications-doctors-say) | theguardian.com [The Latest: Pences send prayers to Trumps after COVID news](https://apnews.com/article/virus-outbreak-donald-trump-seniors-melania-trump-archive-a70acfe14728e061ff93be93314cff88) | apnews.com [President Trump tests positive for COVID-19](https://finance.yahoo.com/news/amazon-workers-had-covid-19-230427587.html) | finance.yahoo.com [Trump considered high risk for coronavirus because of age and weight say experts](https://www.independent.co.uk/us-election-2020/trump-coronavirus-covid-melania-test-positive-risk-weight-age-how-latest-b744603.html) | independent.co.uk [President Trump, first lady test positive for coronavirus, set to quarantine at White House](https://www.foxnews.com/politics/president-trump-confirms-he-first-lady-melania-trump-tested-positive-for-coronavirus) | foxnews.com [Stock futures plunge after President Trump confirms he has coronavirus](https://www.foxbusiness.com/markets/stock-futures-plunge-after-president-trump-confirms-he-has-coronavirus) | foxbusiness.com [Hannity touts hydroxychloroquine after Trump tests positive for Covid-19](https://www.thedailybeast.com/hannity-touts-hydroxychloroquine-after-trump-tests-positive-for-covid-19) | thedailybeast.com [Donald and Melania Trump test positive for COVID-19](https://spectator.us/donald-trump-tests-positive-covid-19/) | spectator.us [Trump says he and first lady tested positive for coronavirus](https://www.stltoday.com/news/national/govt-and-politics/president-trump-first-lady-test-positive-for-covid-19/article_0887a813-f655-5218-98bb-8edec70f3c48.html?fbclid=IwAR30XccLpnEG0Rv5WPkpXh2xSNqLPMhumsc92nKUvKCwAKzbUNUo_Fm4XlI#tracking-source=home-top-story?utm_medium=social&utm_source=facebook_St._Louis_Post-Dispatch) | stltoday.com [Donald Trump has tested positive for coronavirus. While the US constitution was written before it hit the world, it has a plan for this](https://www.abc.net.au/news/2020-10-02/what-happens-now-that-donald-trump-has-coronavirus/12727032) | abc.net.au [U.S. stock futures and global shares fall on Trump's COVID news](https://www.cbsnews.com/news/stock-markets-today-react-to-donald-trump-covid-test-positive-2020-10-02/) | cbsnews.com [President Trump has tested positive for COVID-19.](https://amp.usatoday.com/amp/5892228002) | amp.usatoday.com ['This was avoidable': Trump falls victim to his own false messaging on coronavirus](https://www.nbcnews.com/politics/white-house/was-avoidable-trump-falls-victim-his-own-false-messaging-coronavirus-n1241775) | nbcnews.com [President Trump And First Lady Test Positive For COVID-19](https://www.npr.org/sections/latest-updates-trump-covid-19-results/2020/10/02/919385151/president-trump-and-first-lady-test-positive-for-covid-19) | npr.org ['Raspy' Trump told Americans end of pandemic 'in sight' hours before positive coronavirus test](https://www.independent.co.uk/news/world/americas/us-politics/trump-coronavirus-covid-test-positive-pandemic-end-2020-election-melania-b744623.html) | independent.co.uk [Trump and wife Melania test positive for COVID-19](https://www.reuters.com/article/us-health-coronavirus-usa-trump/trump-and-wife-melania-test-positive-for-covid-19-idUSKBN26N0K4) | reuters.com [Just After Declaring 'End of the Pandemic Is in Sight,' Trump Tests Positive for Coronavirus. A spokesperson for the French government said Trump's diagnosis ""demonstrates that the virus spares no one, including those who have shown skepticism.""](https://www.commondreams.org/news/2020/10/02/just-after-declaring-end-pandemic-sight-trump-tests-positive-coronavirus) | commondreams.org [Trump has the coronavirus — here's what happens next](https://www.cnbc.com/2020/10/02/coronavirus-trump-has-covid-19-heres-what-happens-next.html) | cnbc.com [The President's COVID-19 diagnosis wipes out half of the most important resource the Trump re-election effort has: Time](https://www.businessinsider.com/trump-coronavirus-diagnosis-election-impact-running-out-of-time-2020-10) | businessinsider.com [President Donald Trump has Covid-19. How serious is his risk?](https://www.news8000.com/i/president-donald-trump-has-covid-19-how-serious-is-his-risk/) | news8000.com [Follow live updates as US President Donald Trump tests positive for Covid-19](https://www.independent.co.uk/news/world/americas/us-politics/trump-coronavirus-test-positive-live-reaction-covid19-melania-president-b744589.html) | independent.co.uk [Trump's COVID-19 record is the single greatest failure in US history. We need a new president.](https://www.usatoday.com/story/opinion/voices/2020/10/02/trump-historic-covid-failure-undecided-voters-choose-biden-column/5869506002/) | usatoday.com [Putin wishes Trump 'swift recovery' after positive coronavirus test](https://www.independent.co.uk/news/world/europe/putin-trump-coronavirus-test-positive-melania-russia-kremlin-covid-b745029.html) | independent.co.uk [Trump and First Lady test positive for COVID-19](https://www.nbcwashington.com/news/coronavirus/top-white-house-official-tests-positive-for-coronavirus/2433302) | nbcwashington.com [Global Markets Fall After Trump Tests Positive for Covid-19](https://www.nytimes.com/2020/10/02/business/trump-coronavirus-markets.html) | nytimes.com [Trump Tests Positive for Covid-19 After Close Aide Becomes Ill](https://www.bloomberg.com/news/articles/2020-10-02/trump-says-he-and-flotus-tested-positive-for-covid-19?utm_campaign=news&utm_medium=bd&utm_source=applenews) | bloomberg.com [Donald Trump has COVID-19. How might this affect his chances of re-election?](https://theconversation.com/donald-trump-has-covid-19-how-might-this-affect-his-chances-of-re-election-147361) | theconversation.com [Trump's positive Covid-19 test throws country into fresh upheaval](https://www.cnn.com/2020/10/02/politics/president-donald-trump-coronavirus-positive-test/index.html) | cnn.com [‘He couldn’t even protect himself’: World reacts to Trump Covid result](https://www.independent.co.uk/news/world/americas/us-politics/trump-coronavirus-melania-covid-white-house-quarantine-reaction-twitter-b744625.html) | independent.co.uk [Where Trump Has Been Over This Past Week Ahead Of Testing Positive For COVID-19](https://www.npr.org/sections/latest-updates-trump-covid-19-results/2020/10/02/919414219/where-trump-has-been-over-this-past-week-ahead-of-testing-positive-for-covid-19) | npr.org [Trump will continue carrying out duties 'without disruption' after contracting COVID-19, White House doctor says](https://ktla.com/news/nationworld/trump-will-continue-carrying-out-duties-without-disruption-after-contracting-covid-19-white-house-doctor-says/) | ktla.com [Trump's COVID-19 bombshell puts US election in uncharted territory - US News](https://news.sky.com/story/trumps-covid-19-bombshell-puts-us-election-in-uncharted-territory-12087532) | news.sky.com [Putin Sends Trump a Telegram to Wish Him Speedy Recovery From COVID-19: Agencies Cite Kremlin](https://www.usnews.com/news/top-news/articles/2020-10-02/putin-sends-trump-a-telegram-to-wish-him-speedy-recovery-from-covid-19-agencies-cite-kremlin) | usnews.com [What happens if Trump withdraws from 2020 election following coronavirus diagnosis?](https://www.independent.co.uk/news/world/americas/us-election/trump-coronavirus-election-25th-amendment-covid-electoral-college-constitution-b744823.html) | independent.co.uk [Trump: Coronavirus ‘affects virtually nobody. It’s an amazing thing’](https://www.al.com/news/2020/09/trump-coronavirus-affects-virtually-nobody-its-an-amazing-thing.html) | al.com [Trump COVID bombshell upends 2020 race](https://thehill.com/homenews/the-memo/519284-the-memo-trump-covid-bombshell-upends-2020-race) | thehill.com [Trump and First Lady Have Tested Positive for Coronavirus](https://www.yahoo.com/news/president-trump-says-he-and-the-first-lady-have-tested-positive-for-covid-19-054718866.html) | yahoo.com [In Pictures: Trump’s Busy Week Before Testing Positive](https://www.nytimes.com/2020/10/02/us/politics/trump-covid-week-photos.html) | nytimes.com [In His Own Words, Trump on the Coronavirus and Masks](https://www.nytimes.com/2020/10/02/us/politics/donald-trump-masks.html?action=click&module=Spotlight&pgtype=Homepage) | nytimes.com [Trump's tweet on positive coronavirus test is his most shared ever](https://www.axios.com/trump-tweet-coronavirus-positive-most-shared-e559d150-61a7-44fc-889a-f60ffbd5cc33.html) | axios.com [Somehow, COVID-infected Trump didn't see it coming](https://www.newsday.com/long-island/politics/hope-hicks-coronavirus-trump-aide-biden-racing-sausages-voters-putin-white-supremacy-bolton-chris-wallace-debate-rules-1.49977487) | newsday.com [Trump's positive COVID test throws markets pre-election curveball](http://www.reuters.com/article/us-health-coronavirus-usa-trump-markets/trumps-positive-covid-test-throws-markets-pre-election-curveball-idUSKBN26N1J7) | reuters.com [Trump age, weight, sex mean higher risk of severe covid -19](https://www.businessinsider.com/trump-coronavirus-age-weight-sex-increased-risk-serious-infection-2020-10) | businessinsider.com [President Donald Trump's coronavirus test result could alter his reelection campaign, undercut pandemic messaging](https://www.usatoday.com/story/news/politics/elections/2020/10/02/donald-trump-covid-19-positive-test-campaign-messaging/5892228002/) | usatoday.com [What Donald Trump has previously said About COVID-19 after testing positive](https://www.newsweek.com/donald-trump-coronavirus-1535845) | newsweek.com [Factbox: Reactions to Donald Trump testing positive for coronavirus](https://uk.reuters.com/article/us-health-coronavirus-usa-trump-reaction/factbox-reactions-to-donald-trump-testing-positive-for-coronavirus-idUSKBN26N0SM) | uk.reuters.com [Could Trump have infected Biden with COVID-19 at the debate? Yes, but it's unlikely.](https://theweek.com/speedreads/941278/could-trump-have-infected-biden-covid19-debate-yes-but-unlikely) | theweek.com [President Trump and Melania have Covid-19. What now?](https://www.politico.com/newsletters/playbook/2020/10/02/president-trump-and-melania-have-covid-19-what-now-490505) | politico.com [Putin praises Trump’s ‘inherent vitality’ as he wishes US president swift recovery from coronavirus](https://www.independent.co.uk/news/world/europe/putin-trump-coronavirus-test-positive-melania-russia-kremlin-covid-b745029.html/) | independent.co.uk [Conspiracy Theory Twitter Is Going Nuts Over Trump’s COVID Diagnosis](https://www.thedailybeast.com/conspiracy-theory-twitter-is-going-nuts-over-trumps-covid-diagnosis) | thedailybeast.com [What happens if Trump and Pence both get seriously ill from COVID-19? Chaos.](https://theweek.com/speedreads/941300/what-happens-trump-pence-both-seriously-ill-from-covid19-chaos) | theweek.com [Trump is 74, male and obese. All put him at greater risk of severe COVID-19](https://www.latimes.com/science/story/2020-10-02/president-trump-coronavirus-infection-prognosis) | latimes.com"
Ron Johnson forces reading of 628-page Senate coronavirus relief bill on floor,freddyatdebate,2021/03/05,https://www.reddit.com//r/nottheonion/comments/lycbd7/ron_johnson_forces_reading_of_628page_senate/,"[Pas de contenu textuel disponible, voir le titre ou le lien.]"
72% of Americans Approve of Joe Biden's Handling of the Coronavirus Pandemic: Poll,Twoweekswithpay,2021/03/28,https://www.reddit.com//r/politics/comments/mf2883/72_of_americans_approve_of_joe_bidens_handling_of/,"[Pas de contenu textuel disponible, voir le titre ou le lien.]"
Trump signs coronavirus relief and government funding bill into law after lengthy delay,AcceptableGovernment,2020/12/28,https://www.reddit.com//r/news/comments/klfyq2/trump_signs_coronavirus_relief_and_government/,"[Pas de contenu textuel disponible, voir le titre ou le lien.]"
Leaked Documents Show How China’s Army of Paid Internet Trolls Helped Censor the Coronavirus,WombatusMighty,2020/12/25,https://www.reddit.com//r/worldnews/comments/kjuxov/leaked_documents_show_how_chinas_army_of_paid/,"[Pas de contenu textuel disponible, voir le titre ou le lien.]"
We call upon Reddit to take action against the rampant Coronavirus misinformation on their website.,ImLivingAmongYou,2021/08/25,https://www.reddit.com//r/Futurology/comments/pbittv/we_call_upon_reddit_to_take_action_against_the/,"[Pas de contenu textuel disponible, voir le titre ou le lien.]"
Top Fox producer dies from coronavirus,qkfb,2021/03/22,https://www.reddit.com//r/news/comments/mawwea/top_fox_producer_dies_from_coronavirus/,"[Pas de contenu textuel disponible, voir le titre ou le lien.]"
President Donald Trump says he has tested positive for coronavirus,pipsdontsqueak,2020/10/02,https://www.reddit.com//r/Coronavirus/comments/j3og3c/president_donald_trump_says_he_has_tested/,"[Pas de contenu textuel disponible, voir le titre ou le lien.]"
President Joe Biden says he will request more funding for a new coronavirus vaccine,aslan_is_on_the_move,2023/08/26,https://www.reddit.com//r/politics/comments/161y1b8/president_joe_biden_says_he_will_request_more/,"[Pas de contenu textuel disponible, voir le titre ou le lien.]"
Coronavirus: France and Germany have announced second national lockdowns,CactusBoyScout,2020/10/28,https://www.reddit.com//r/worldnews/comments/jjutnf/coronavirus_france_and_germany_have_announced/,"[Pas de contenu textuel disponible, voir le titre ou le lien.]"
Chinese journalist who documented Wuhan coronavirus outbreak jailed for 4 years,DaFunkJunkie,2020/12/28,https://www.reddit.com//r/worldnews/comments/klluo8/chinese_journalist_who_documented_wuhan/,"[Pas de contenu textuel disponible, voir le titre ou le lien.]"
Trump press secretary Kayleigh McEnany tests positive for coronavirus,slaysia,2020/10/05,https://www.reddit.com//r/politics/comments/j5lggr/trump_press_secretary_kayleigh_mcenany_tests/,"[Pas de contenu textuel disponible, voir le titre ou le lien.]"
"COVID-19: New coronavirus strain spreading faster than previous variant, UK government scientists warn ministers",ahm713,2020/12/19,https://www.reddit.com//r/worldnews/comments/kg43pr/covid19_new_coronavirus_strain_spreading_faster/,"[Pas de contenu textuel disponible, voir le titre ou le lien.]"
"Ronna McDaniel, chairwoman of the R.N.C., tests positive for the coronavirus.",amiatthetop3,2020/10/02,https://www.reddit.com//r/news/comments/j3usil/ronna_mcdaniel_chairwoman_of_the_rnc_tests/,"[Pas de contenu textuel disponible, voir le titre ou le lien.]"
Wuhan residents remember coronavirus 'whistleblower' doctor a year after his death,thebelsnickle1991,2021/02/06,https://www.reddit.com//r/news/comments/ldwxd1/wuhan_residents_remember_coronavirus/,"[Pas de contenu textuel disponible, voir le titre ou le lien.]"
Brazilian president Jair Bolsonaro tests positive for coronavirus,Jeremy_Martin,2020/07/07,https://www.reddit.com//r/worldnews/comments/hmwhd7/brazilian_president_jair_bolsonaro_tests_positive/,"[Pas de contenu textuel disponible, voir le titre ou le lien.]"
"Trump, in a new video, says he will ‘make China pay’ for coronavirus pandemic",redwhiterosemoon,2020/10/08,https://www.reddit.com//r/worldnews/comments/j72hrd/trump_in_a_new_video_says_he_will_make_china_pay/,"[Pas de contenu textuel disponible, voir le titre ou le lien.]"
Democratic nominee Joe Biden tests negative for coronavirus after potential exposure,iuthnj34,2020/10/02,https://www.reddit.com//r/politics/comments/j3xilg/democratic_nominee_joe_biden_tests_negative_for/,"[Pas de contenu textuel disponible, voir le titre ou le lien.]"
WHO says mutant mink coronavirus outbreak in Denmark is a 'concern',FearLess_Alpha,2020/11/08,https://www.reddit.com//r/worldnews/comments/jqh6co/who_says_mutant_mink_coronavirus_outbreak_in/,"[Pas de contenu textuel disponible, voir le titre ou le lien.]"
"Crowds throng Wuhan, where coronavirus pandemic began, to celebrate New Year",seabb,2021/01/01,https://www.reddit.com//r/worldnews/comments/ko248n/crowds_throng_wuhan_where_coronavirus_pandemic/,"[Pas de contenu textuel disponible, voir le titre ou le lien.]"
Top Chinese scientist concedes that coronavirus may have leaked from Wuhan lab,Stephen_P_Smith,2023/06/02,https://www.reddit.com//r/ScienceUncensored/comments/13xv2xa/top_chinese_scientist_concedes_that_coronavirus/,"[Pas de contenu textuel disponible, voir le titre ou le lien.]"
"Joe Biden asks Anthony Fauci, the federal coronavirus expert, to become his chief medical adviser",2legit2fart,2020/12/04,https://www.reddit.com//r/politics/comments/k68seg/joe_biden_asks_anthony_fauci_the_federal/,"[Pas de contenu textuel disponible, voir le titre ou le lien.]"
"Trump drops f-bomb, pulls 180 on coronavirus stimulus in rambling Rush Limbaugh interview",funk_addict,2020/10/09,https://www.reddit.com//r/politics/comments/j85hcl/trump_drops_fbomb_pulls_180_on_coronavirus/,"[Pas de contenu textuel disponible, voir le titre ou le lien.]"
Mitch McConnell Laughs When Confronted On Senate Inaction Over Coronavirus,Lost_Tourist_61,2020/10/13,https://www.reddit.com//r/politics/comments/jaah4t/mitch_mcconnell_laughs_when_confronted_on_senate/,"[Pas de contenu textuel disponible, voir le titre ou le lien.]"
"Pfizer’s coronavirus vaccine is more than 90 percent effective in first analysis, company reports",PrincipledInelegance,2020/11/09,https://www.reddit.com//r/Coronavirus/comments/jqw7zb/pfizers_coronavirus_vaccine_is_more_than_90/,"[Pas de contenu textuel disponible, voir le titre ou le lien.]"
"If Coronavirus Doesn't Kill Us, Climate Change Will: World Leaders Warn of Environmental Armageddon",nernerfer,2020/09/28,https://www.reddit.com//r/worldnews/comments/j13pks/if_coronavirus_doesnt_kill_us_climate_change_will/,"[Pas de contenu textuel disponible, voir le titre ou le lien.]"
Chris Christie tests positive for coronavirus,Austin63867,2020/10/03,https://www.reddit.com//r/politics/comments/j4h5n5/chris_christie_tests_positive_for_coronavirus/,"[Pas de contenu textuel disponible, voir le titre ou le lien.]"
Merkel says the coronavirus pandemic has exposed leaders who rely on 'fact-denying populism',NextHammer,2020/07/11,https://www.reddit.com//r/worldnews/comments/hpd2vn/merkel_says_the_coronavirus_pandemic_has_exposed/,"[Pas de contenu textuel disponible, voir le titre ou le lien.]"
The CDC issues a dire warning for the fall if coronavirus measures are not followed,SensationallylovelyK,2020/08/13,https://www.reddit.com//r/news/comments/i8ynun/the_cdc_issues_a_dire_warning_for_the_fall_if/,"[Pas de contenu textuel disponible, voir le titre ou le lien.]"
Moderna’s coronavirus vaccine found to be nearly 95 percent effective in a preliminary analysis,jlew24asu,2020/11/16,https://www.reddit.com//r/Coronavirus/comments/jv5mem/modernas_coronavirus_vaccine_found_to_be_nearly/,"[Pas de contenu textuel disponible, voir le titre ou le lien.]"
Trump suggests injecting disinfectant to treat coronavirus and touts power of sunlight to beat disease,grepnork,2020/04/24,https://www.reddit.com//r/politics/comments/g6wrl2/trump_suggests_injecting_disinfectant_to_treat/,"[Pas de contenu textuel disponible, voir le titre ou le lien.]"
Coronavirus vaccine costs to be covered by Canadian government,jsakic99,2020/12/11,https://www.reddit.com//r/worldnews/comments/kattvi/coronavirus_vaccine_costs_to_be_covered_by/,"[Pas de contenu textuel disponible, voir le titre ou le lien.]"
Coronavirus: Israeli court rules Palestinian prisoners have no right to social distancing,quaxon,2020/07/25,https://www.reddit.com//r/worldnews/comments/hxj6d4/coronavirus_israeli_court_rules_palestinian/,"[Pas de contenu textuel disponible, voir le titre ou le lien.]"
Kellyanne Conway announces she tested positive for coronavirus,conzeeter,2020/10/03,https://www.reddit.com//r/news/comments/j47wkl/kellyanne_conway_announces_she_tested_positive/,"[Pas de contenu textuel disponible, voir le titre ou le lien.]"
"Coronavirus has infected maximum of 10% of world population, WHO expert warns",ScorchedMagic,2020/10/05,https://www.reddit.com//r/worldnews/comments/j5jnzc/coronavirus_has_infected_maximum_of_10_of_world/,"[Pas de contenu textuel disponible, voir le titre ou le lien.]"
Australia records zero new locally acquired daily cases of coronavirus for first time since June,potatoinmymouth,2020/11/01,https://www.reddit.com//r/worldnews/comments/jluqbs/australia_records_zero_new_locally_acquired_daily/,"[Pas de contenu textuel disponible, voir le titre ou le lien.]"
Boris Johnson Has Tested Positive For Coronavirus,xXGeneric_UserNameXx,2020/03/27,https://www.reddit.com//r/worldnews/comments/fpv76t/boris_johnson_has_tested_positive_for_coronavirus/,"[Pas de contenu textuel disponible, voir le titre ou le lien.]"
"'This is deadly serious' - New coronavirus variant 'out of control', health secretary warns",clonetheory,2020/12/20,https://www.reddit.com//r/Coronavirus/comments/kgstau/this_is_deadly_serious_new_coronavirus_variant/,"[Pas de contenu textuel disponible, voir le titre ou le lien.]"
Senator Ron Johnson tests positive for coronavirus,TurtleFacts72,2020/10/03,https://www.reddit.com//r/politics/comments/j4er3y/senator_ron_johnson_tests_positive_for_coronavirus/,"[Pas de contenu textuel disponible, voir le titre ou le lien.]"
"After swingers convention held in New Orleans, 41 test positive for coronavirus, organizer says",CarFlipJudge,2020/12/01,https://www.reddit.com//r/news/comments/k4nbnu/after_swingers_convention_held_in_new_orleans_41/,"[Pas de contenu textuel disponible, voir le titre ou le lien.]"
"U.S. reports 97,000 new coronavirus cases, biggest one-day increase on record",mythrowawaybabies,2020/10/31,https://www.reddit.com//r/Coronavirus/comments/jl7cr7/us_reports_97000_new_coronavirus_cases_biggest/,"[Pas de contenu textuel disponible, voir le titre ou le lien.]"
Republican men are a central part of coronavirus vaccine resistance,FriesWithThat,2021/03/14,https://www.reddit.com//r/politics/comments/m4inbk/republican_men_are_a_central_part_of_coronavirus/,"[Pas de contenu textuel disponible, voir le titre ou le lien.]"
Sweden's king on coronavirus strategy: 'We have failed',Ganrokh,2020/12/17,https://www.reddit.com//r/worldnews/comments/keylbu/swedens_king_on_coronavirus_strategy_we_have/,"[Pas de contenu textuel disponible, voir le titre ou le lien.]"
Georgia second grader tests positive for coronavirus after attending the first day of school,61539,2020/08/05,https://www.reddit.com//r/Coronavirus/comments/i43p7u/georgia_second_grader_tests_positive_for/,"[Pas de contenu textuel disponible, voir le titre ou le lien.]"
BREAKING: Dow falls 240 points as Trump calls off coronavirus stimulus talks until after election,peterb12,2020/10/06,https://www.reddit.com//r/stocks/comments/j6b8k8/breaking_dow_falls_240_points_as_trump_calls_off/,"[https://www.cnbc.com/2020/10/05/stock-market-futures-open-to-close-news.html](https://www.cnbc.com/2020/10/05/stock-market-futures-open-to-close-news.html)  Very stable genius, good for the market, smart businessman, etc. etc.,"
South Dakota governor uses coronavirus relief funds for $5 million tourism ad despite COVID surge,drunk69,2020/09/10,https://www.reddit.com//r/news/comments/ipu7cm/south_dakota_governor_uses_coronavirus_relief/,"[Pas de contenu textuel disponible, voir le titre ou le lien.]"
Trump suspends travel from Europe for 30 days as part of response to 'foreign' coronavirus,jigsawmap,2020/03/12,https://www.reddit.com//r/worldnews/comments/fh80mi/trump_suspends_travel_from_europe_for_30_days_as/,"[Pas de contenu textuel disponible, voir le titre ou le lien.]"
"Louis Gohmert, who refused to wear a mask, tests positive for coronavirus",RevRickee,2020/07/29,https://www.reddit.com//r/politics/comments/i01dej/louis_gohmert_who_refused_to_wear_a_mask_tests/,"[Pas de contenu textuel disponible, voir le titre ou le lien.]"
People with coronavirus are still getting on planes. No one knows how many.,KellyanneLail,2020/12/28,https://www.reddit.com//r/Coronavirus/comments/klrnsx/people_with_coronavirus_are_still_getting_on/,"[Pas de contenu textuel disponible, voir le titre ou le lien.]"
World Health Organization declares the coronavirus outbreak a global pandemic,SoulardSTL,2020/03/11,https://www.reddit.com//r/worldnews/comments/fgzvgq/world_health_organization_declares_the/,"[Pas de contenu textuel disponible, voir le titre ou le lien.]"
"OHSAA coronavirus rules: Students can wrestle, but can't shake hands",sean22306,2020/12/04,https://www.reddit.com//r/nottheonion/comments/k6nclu/ohsaa_coronavirus_rules_students_can_wrestle_but/,"[Pas de contenu textuel disponible, voir le titre ou le lien.]"
America is tuning out the coronavirus at the peak of its destruction,ravedog,2021/01/14,https://www.reddit.com//r/Coronavirus/comments/kx47n8/america_is_tuning_out_the_coronavirus_at_the_peak/,"[Pas de contenu textuel disponible, voir le titre ou le lien.]"
France finds first case of new coronavirus variant,Red_Brummy,2020/12/26,https://www.reddit.com//r/worldnews/comments/kk7wtp/france_finds_first_case_of_new_coronavirus_variant/,"[Pas de contenu textuel disponible, voir le titre ou le lien.]"
"Megathread: Hope Hicks, Personal Aide to President Donald Trump, Tests Positive for Coronavirus",PoliticsModeratorBot,2020/10/02,https://www.reddit.com//r/politics/comments/j3lsgl/megathread_hope_hicks_personal_aide_to_president/,"President Trump’s adviser Hope Hicks has tested positive for coronavirus, two sources familiar with the situation tell Axios.  Hicks is one of the president’s closest aides and traveled with him earlier this week, including on Air Force One to and from Tuesday’s presidential debate, as well as Trump’s Minnesota rally on Wednesday, Bloomberg News’ Jennifer Jacobs first reported.  ---  ##Submissions that may interest you  SUBMISSION | DOMAIN ---|---- [Hope Hicks, A Close Aide To Trump, Has Reportedly Tested Positive For The Coronavirus](https://www.buzzfeednews.com/article/kadiagoba/hope-hicks-trump-aide-coronavirus) | buzzfeednews.com [White House adviser Hope Hicks tests positive for COVID after traveling with Trump](https://www.usatoday.com/story/news/politics/2020/10/01/hope-hicks-tests-positive-covid-after-traveling-trump/5889312002/) | usatoday.com [Top Trump aide Hope Hicks tests positive for coronavirus](https://news.yahoo.com/top-white-house-official-tests-003056372.html) | news.yahoo.com [Hope Hicks, who flew with Trump twice this week, tests positive for coronavirus](https://www.politico.com/news/2020/10/01/trump-hope-hicks-tests-positive-for-coronavirus-424781?fbclid=IwAR1CigwEzgqeGSX1djCsjEBoDjLXNqQPrAVf0E9-sJEQJAFocuS8lQeQiTE) | politico.com [Close Trump adviser Hope Hicks tests positive for coronavirus, sources say](https://amp.cnn.com/cnn/2020/10/01/politics/hope-hicks-positive-coronavirus/index.html) | amp.cnn.com [Close Trump adviser Hope Hicks tests positive for coronavirus, sources say](https://www.cnn.com/2020/10/01/politics/hope-hicks-positive-coronavirus/index.html) | cnn.com [Top Trump aide Hope Hicks tests positive for coronavirus](https://www.tampabay.com/news/florida-politics/2020/10/01/top-white-house-official-tests-positive-for-coronavirus/?utm_medium=push&utm_source=pushly&utm_campaign=8848) | tampabay.com [Close Trump adviser Hope Hicks tests positive for coronavirus](https://www.theguardian.com/us-news/2020/oct/01/hope-hicks-covid-19-reports-trump) | theguardian.com [Hope Hicks test positive for coronavirus](https://www.latimes.com/world-nation/story/2020-10-01/top-white-house-official-tests-positive-for-coronavirus) | latimes.com [Hope Hicks, close Trump aide, tests positive for coronavirus](https://www.washingtonpost.com/politics/hope-hicks-close-trump-aide-tests-positive-for-coronavirus/2020/10/01/af238f7c-0444-11eb-897d-3a6201d6643f_story.html) | washingtonpost.com [Hope Hicks, a White House adviser who traveled with the president on Air Force One on Wednesday, tests positive for coronavirus.](https://www.nytimes.com/2020/10/01/us/elections/hope-hicks-coronavirus.html) | nytimes.com [Hope Hicks, top Trump adviser who flew with him to debate, tests positive for Covid](https://www.nbcnews.com/politics/white-house/hope-hicks-top-trump-adviser-who-flew-him-debate-tests-n1241751) | nbcnews.com [Hope Hicks Tests Positive For Coronavirus After Traveling With Trump: Reports](https://www.huffpost.com/entry/hope-hicks-tests-positive-coronavirus-trump_n_5f767398c5b6374c558b9a87?ncid=engmodushpmg00000006) | huffpost.com [Hope Hicks, one of U.S. President Donald Trump's closest aides, has tested positive for the coronavirus](https://www.cbc.ca/news/world/hope-hicks-trump-positive-covid-19-1.5747343) | cbc.ca [Top Trump aide Hope Hicks tests positive for coronavirus after traveling with president to debate](https://www.cnbc.com/2020/10/02/hope-hicks-coronavirus.html) | cnbc.com [Hope Hicks, one of President Trump's closest advisers, tests positive for coronavirus](https://abcnews.go.com/Politics/hope-hicks-president-trumps-closest-advisers-tests-positive/story?id=73377363) | abcnews.go.com [Trump aide Hope Hicks tests positive for COVID-19](https://thehill.com/homenews/administration/519265-trump-aide-hope-hicks-tests-positive-for-covid-19) | thehill.com [Trump adviser Hope Hicks tests positive for coronavirus: Bloomberg](https://www.reuters.com/article/idUSKBN26N01B) | reuters.com [Trump aide Hope Hicks has tested positive for coronavirus, report says](https://www.independent.co.uk/news/world/americas/us-politics/trump-hope-hicks-coronavirus-positive-minnesota-rally-b744551.html) | independent.co.uk [Trump Aide Hope Hicks Tests Positive For Coronavirus Infection](https://www.bloomberg.com/amp/news/articles/2020-10-02/trump-aide-hope-hicks-tests-positive-for-coronavirus-infection) | bloomberg.com [Trump Aide Hope Hicks Tests Positive for Coronavirus Infection](https://www.bloomberg.com/news/articles/2020-10-02/trump-aide-hope-hicks-tests-positive-for-coronavirus-infection?sref=H58UC22s) | bloomberg.com [Trump aide Hope Hicks tests positive for COVID-19 after traveling with president](https://nypost.com/2020/10/01/hope-hicks-tests-positive-for-covid-19-after-traveling-with-trump/) | nypost.com [White House Adviser Hope Hicks Tests Positive for COVID-19 After Traveling With Trump](https://www.thedailybeast.com/white-house-adviser-hope-hicks-tests-positive-for-covid-19-after-traveling-with-trump?ref=home) | thedailybeast.com [Trump Gets Coronavirus Test After White House Adviser Hope Hicks Tests Positive](https://www.npr.org/2020/10/01/919344239/trump-adviser-hope-hicks-tests-positive-for-coronavirus) | npr.org [Trump Gets Coronavirus Test After White House Adviser Hope Hicks Tests Positive](https://www.wbaa.org/post/trump-adviser-hope-hicks-tests-positive-coronavirus#stream/0) | wbaa.org [Hope Hicks Tests Positive For Coronavirus After Traveling With Trump](https://m.huffpost.com/us/entry/us_5f767398c5b6374c558b9a87) | m.huffpost.com [Hope Hicks, President Trump's top aide, tests positive for coronavirus](https://www.fox5dc.com/news/hope-hicks-president-trumps-top-aide-tests-positive-for-coronavirus) | fox5dc.com [Hope Hicks tests positive for coronavirus](https://www.axios.com/hope-hicks-coronavirus-covid19-trump-76d5d8f1-e009-4a89-b4e2-2fd078949beb.html) | axios.com [Trump says he doesn't know his COVID-19 test results, following news that close adviser Hope Hicks tested positive for the coronavirus](https://www.businessinsider.com/trump-tested-for-covid-19-hope-hicks-tests-positive-2020-10) | businessinsider.com [Donald Trump aide tests positive for coronavirus](https://www.abc.net.au/news/2020-10-02/donald-trump-aide-hope-hicks-positive-for-coronavirus/12725310) | abc.net.au [Trump aide Hope Hicks tests positive for COVID-19](https://www.cbsnews.com/news/trump-aide-hope-hicks-covid-19-positive/) | cbsnews.com [Trump suggests he may quarantine after top aide Hope Hicks tests positive for coronavirus](https://www.cnbc.com/amp/2020/10/02/hope-hicks-coronavirus.html?__twitter_impression=true) | cnbc.com [Hope Hicks boards Marine One on Wednesday, has since tested positive for...](https://www.youtube.com/watch?v=oiXfXelfOvU&feature=share) | youtube.com [Trump, First Lady to Begin 'Quarantine Process' After Hope Hicks Tests Covid Positive](https://www.bloomberg.com/news/articles/2020-10-02/ap-newsalert-trump-says-he-and-first-lady-will-begin-quarantine-process-as-they-await-covid-test-results-after-aide-tests) | bloomberg.com [Trump awaiting results after top aide contracts COVID-19](https://apnews.com/article/virus-outbreak-donald-trump-health-archive-hope-hicks-7fece2838ff7a9bd91ccf5ac287348b3) | apnews.com [Alert: Trump says he and first lady will begin 'quarantine process' as they await COVID test results after aide tests positive](https://www.sfchronicle.com/news/article/Alert-Trump-says-he-and-first-lady-will-begin-15614703.php) | sfchronicle.com [Trump and First Lady Awaiting Test Results After Top Aide Positive For Coronavirus](https://time.com/5895372/hope-hicks-coronavirus-trump/?utm_source=twitter&utm_medium=social&utm_campaign=editorial&utm_term=politics_trump-administration_covid-19&linkId=100970816) | time.com [Top Trump aide has Coronavirus](https://www.bbc.com/news/amp/world-us-canada-54381848?__twitter_impression=true) | bbc.com [Trump Says He Is In Quarantine After One Of His Top Aides Got COVID-19](https://www.buzzfeednews.com/article/tomnamako/trump-quarantine-coronavirus-hope-hicks?utm_source=dynamic&utm_campaign=bftwbuzzfeed&ref=bftwbuzzfeed) | buzzfeednews.com [Trump says he and first lady will begin ‘quarantine process’ as they await COVID test results after aide tests positive](https://www.washingtonpost.com/politics/trump-says-he-and-first-lady-will-begin-quarantine-process-as-they-await-covid-test-results-after-aide-tests-positive/2020/10/01/21a477e0-045a-11eb-b92e-029676f9ebec_story.html) | washingtonpost.com [Trump Begins Quarantine After White House Adviser Hope Hicks Tests Positive](https://www.wmra.org/post/trump-begins-quarantine-after-white-house-adviser-hope-hicks-tests-positive) | wmra.org [Trump in quarantine after aid Hope Hicks tests positive for COVID-19.](https://fox8.com/news/president-trump-in-quarantine-process-after-top-aide-gets-covid-19/) | fox8.com [Donald Trump waiting for COVID-19 test results after close aide Hope Hicks tests positive for coronavirus](https://nationalpost.com/news/world/hope-hicks-aide-who-travelled-with-donald-trump-to-presidential-debate-tests-positive-for-covid-19) | nationalpost.com [President Trump, first lady begin quarantining, await COVID-19 test results after aide Hope Hicks tests positive](https://wgal.com/article/hope-hicks-a-close-aide-to-the-president-tests-positive-for-coronavirus/34242656?src=app) | wgal.com [Trump says he and first lady will begin 'quarantine process' after top aide Hope Hicks tests positive for Covid-19](https://www.cnn.com/2020/10/01/politics/hope-hicks-positive-coronav) | cnn.com [Donald Trump, Melania Trump begin quarantine process after Hope Hicks gets COVID-19](https://www.newsweek.com/donald-trump-melania-trump-begin-quarantine-process-after-hope-hicks-gets-covid-19-1535830) | newsweek.com [Trump, first lady awaiting test results after aide Hope Hicks tests positive for coronavirus](https://theweek.com/speedreads/941207/trump-first-lady-awaiting-test-results-after-aide-hope-hicks-tests-positive-coronavirus) | theweek.com [Trump Quarantines After Aide Hicks Tests Positive for COVID](https://nymag.com/intelligencer/2020/10/trump-quarantines-after-aide-hicks-tests-positive-for-covid.html) | nymag.com [Trump tests positive for COVID-19 after Hope Hicks tested positive](https://www.businessinsider.com/trump-tests-positive-covid-19-after-hope-hicks-tested-positive-2020-10?utm_source=dlvr.it&utm_medium=twitter) | businessinsider.com [Trump starts ""quarantine process"" after aide Hope Hicks tests positive for coronavirus](https://www.reuters.com/article/health-coronavirus-usa-hicks-int/trump-starts-quarantine-process-after-aide-hope-hicks-tests-positive-for-coronavirus-idUSKBN26N0FV) | reuters.com [BBC News - Trump in quarantine as top aide Hope Hicks tests positive for coronavirus](https://www.bbc.co.uk/news/world-us-canada-54381848) | bbc.co.uk"
Dr. Anthony Fauci Does Not Expect A 4th Coronavirus Wave To Hit The U.S.,misana123,2021/04/02,https://www.reddit.com//r/Coronavirus/comments/mikbdd/dr_anthony_fauci_does_not_expect_a_4th/,"[Pas de contenu textuel disponible, voir le titre ou le lien.]"
AMC Raises $917 Million to Weather ‘Dark Coronavirus-Impacted Winter’,yam12,2021/01/25,https://www.reddit.com//r/movies/comments/l4n7wj/amc_raises_917_million_to_weather_dark/,"[Pas de contenu textuel disponible, voir le titre ou le lien.]"
Denmark: Mutated coronavirus from mink is a threat to humans,knud,2020/11/04,https://www.reddit.com//r/Coronavirus/comments/jnwx9x/denmark_mutated_coronavirus_from_mink_is_a_threat/,"[Pas de contenu textuel disponible, voir le titre ou le lien.]"
First doses of Pfizer coronavirus vaccine has flown to US from Belgium.,Juicyjackson,2020/11/29,https://www.reddit.com//r/Coronavirus/comments/k2z0qt/first_doses_of_pfizer_coronavirus_vaccine_has/,"[Pas de contenu textuel disponible, voir le titre ou le lien.]"
Bryan Cranston says he still hasn’t recovered sense of taste or smell after coronavirus,Pessimist2020,2020/12/05,https://www.reddit.com//r/Coronavirus/comments/k762ua/bryan_cranston_says_he_still_hasnt_recovered/,"[Pas de contenu textuel disponible, voir le titre ou le lien.]"
Removed US coronavirus vaccine director files stunning whistleblower complaint claiming warnings were ignored,grepnork,2020/05/05,https://www.reddit.com//r/politics/comments/ge4blp/removed_us_coronavirus_vaccine_director_files/,"[Pas de contenu textuel disponible, voir le titre ou le lien.]"
We call upon Reddit to take action against the rampant Coronavirus misinformation on their website.,conalfisher,2021/08/25,https://www.reddit.com//r/youseeingthisshit/comments/pbgbrl/we_call_upon_reddit_to_take_action_against_the/,"[Pas de contenu textuel disponible, voir le titre ou le lien.]"
"28-year-old Houston doctor dies after battle with coronavirus, family says",stysoe,2020/09/22,https://www.reddit.com//r/news/comments/ixksm7/28yearold_houston_doctor_dies_after_battle_with/,"[Pas de contenu textuel disponible, voir le titre ou le lien.]"
Megathread: President Donald Trump Removes Watchdog Overseeing Rollout of $2 Trillion Coronavirus Bill,PoliticsModeratorBot,2020/04/07,https://www.reddit.com//r/politics/comments/fwp42m/megathread_president_donald_trump_removes/,"President Trump on Monday replaced the Pentagon's acting Inspector General Glenn Fine, who had been selected to chair the panel overseeing the rollout of the $2 trillion coronavirus relief bill passed last month, Politico first reported.   A group of independent federal watchdogs selected Fine to lead the Pandemic Response Accountability Committee, but Fine's removal from his Pentagon job prevents him from being able to serve in that position — since the law only allows sitting inspectors general to fill the role.  ---  ##Submissions that may interest you  SUBMISSION | DOMAIN ---|---- [Trump removes inspector general overseeing $2 trillion coronavirus relief package days after he was appointed](https://www.cnbc.com/2020/04/07/coronavirus-relief-trump-removes-inspector-general-overseeing-2-trillion-package.html) | cnbc.com [Trump Removes Independent Watchdog For Coronavirus Funds](https://www.politico.com/news/2020/04/07/trump-removes-independent-watchdog-for-coronavirus-funds-upending-oversight-panel-171943) | politico.com [Trump Ousts Pandemic Spending Watchdog Known for Independence The official had been leading the office of the inspector general for the Pentagon. In removing him from that role, the president stripped him of his pandemic relief oversight duties as well.](https://www.nytimes.com/2020/04/07/us/politics/trump-coronavirus-watchdog-glenn-fine.html?action=click&module=RelatedLinks&pgtype=Article) | nytimes.com [Trump Has Already Ousted The Top Coronavirus Response Watchdog](https://www.huffpost.com/entry/trump-coronavirus-corruption-glenn-fine_n_5e8caac7c5b6e1a2e0fabbf5) | huffpost.com [Trump Effectively Ousts Top Watchdog for Virus Relief Funds](https://www.nytimes.com/2020/04/07/world/coronavirus-live-updates.html?referringSource=articleShare) | nytimes.com [Trump Fired a Government Watchdog for Doing His Job. Congress Isn’t Stopping Him.](https://www.motherjones.com/politics/2020/04/trump-fired-a-government-watchdog-for-doing-his-job-congress-isnt-stopping-him/) | motherjones.com [Trump sidelines watchdog tapped for virus rescue oversight](https://abcnews.go.com/Politics/wireStory/trump-sidelines-watchdog-tapped-virus-rescue-oversight-70023103) | abcnews.go.com [Trump removes watchdog overseeing rollout of $2 trillion coronavirus bill](https://www.axios.com/trump-inspector-general-coronavirus-2b95e865-c8e4-4748-9672-ba844483d847.html) | axios.com [Trump removes independent watchdog tasked with overseeing coronavirus emergency funds](https://www.cnn.com/2020/04/07/politics/trump-sidelines-pentagon-watchdog-coronavirus-funds/index.html) | cnn.com [Trump sidelines watchdog tapped for virus rescue oversight](https://apnews.com/cc921bccf9f7abd27da996ef772823e4) | apnews.com [Trump removes independent Pentagon watchdog overseeing coronavirus funds](https://www.independent.co.uk/news/world/americas/us-politics/trump-coronavirus-funds-watchdog-pentagon-stimulus-package-money-a9453416.html) | independent.co.uk [Trump Replaces Pentagon Watchdog, Removing Him From Coronavirus Relief Oversight Panel](https://thehill.com/policy/defense/491560-trump-replaces-pentagon-watchdog-removing-him-from-coronavirus-relief) | thehill.com [Trump Ousts Inspector General Set to Oversee Relief Spending](https://www.bloomberg.com/news/articles/2020-04-07/trump-ousts-inspector-general-poised-to-oversee-relief-spending?srnd=premium) | bloomberg.com [Trump accuses U.S. Health Department watchdog of 'fake dossier' on coronavirus](https://www.reuters.com/article/us-health-coronavirus-usa-watchdog/trump-accuses-u-s-health-department-watchdog-of-fake-dossier-on-coronavirus-idUSKBN21P2NR) | reuters.com [Schiff plans to investigate Trump firing intel watchdog](https://thehill.com/homenews/house/491588-read-schiff-plans-to-investigate-trump-firing-intel-watchdog) | thehill.com [Trump replaces watchdog who was overseeing $2 trillion coronavirus stimulus spending](https://www.usatoday.com/story/news/politics/2020/04/07/coronavirus-trump-replaces-watchdog-overseeing-stimulus-money/2961548001/) | usatoday.com [Oversight of $4.5 Trillion Corporate Bailout in 'Grave Jeopardy' as Trump Fires Independent Watchdog. ""A direct insult to the American taxpayers—of all political stripes—who want to make sure that their tax dollars are not squandered on wasteful boondoggles, incompetence, or political favors.""](https://www.commondreams.org/news/2020/04/07/oversight-45-trillion-corporate-bailout-grave-jeopardy-trump-fires-independent) | commondreams.org [Trump slams U.S. watchdog's report on shortages at coronavirus-hit hospitals](https://www.reuters.com/article/us-health-coronavirus-usa-watchdog/trump-slams-u-s-watchdogs-report-on-shortages-at-coronavirus-hit-hospitals-idUSKBN21P2NR) | reuters.com [Trump removes independent watchdog for coronavirus funds, upending oversight panel](https://www.politico.com/news/2020/04/07/trump-removes-independent-watchdog-for-coronavirus-funds-upending-oversight-panel-171943) | politico.com [Trump Sidelines Watchdog Tapped for Virus Rescue Oversight](https://www.voanews.com/usa/us-politics/trump-sidelines-watchdog-tapped-virus-rescue-oversight) | voanews.com [Trump takes aim at agency watchdogs: ‘Give me the name’](https://apnews.com/b66fe3c530a6be1a78082e948336f8a7) | apnews.com [Senators to Seek Explanation From Trump of Watchdog’s Firing](https://www.bloomberg.com/news/articles/2020-04-07/senators-to-seek-explanation-from-trump-of-watchdog-s-firing) | bloomberg.com [Trump Fires Watchdog Overseeing $2 Trillion in Coronavirus Stimulus Funds](https://nymag.com/intelligencer/2020/04/trump-fires-watchdog-overseeing-coronavirus-stimulus-funds.html) | nymag.com [Trump's moves against federal watchdogs signal ""deep state"" war](https://www.axios.com/trump-inspectors-general-deep-state-2020-election-1ed4dd3a-623a-4cc4-b1c8-a469049e7351.html) | axios.com [Colorado Republicans act as watchdogs on Polis’ coronavirus policies](https://www.denverpost.com/2020/04/08/coronavirus-colorado-republicans-jared-polis/) | denverpost.com [Trump is using the coronavirus as a cover to bully the government's watchdogs into submission. It's shameful and dangerous.](https://www.businessinsider.com/trump-using-coronavirus-to-bully-inspector-generals-government-watchdogs-2020-4) | businessinsider.com [Democratic Lawmakers Blast Trump’s Removal of Coronavirus Watchdog](https://www.usnews.com/news/politics/articles/2020-04-07/democratic-lawmakers-blast-trumps-removal-of-coronavirus-watchdog) | usnews.com [Why Trump targeted the HHS inspector general so aggressively: It's been a rough week for federal inspectors general, but Trump targeted one with particular ire. It's worth understanding why.](https://www.msnbc.com/rachel-maddow-show/why-trump-targeted-hhs-inspector-general-so-aggressively-n1179111) | msnbc.com"
Town votes to rescind license of N.J. gym whose owners repeatedly defied coronavirus restrictions,Hrekires,2020/08/12,https://www.reddit.com//r/news/comments/i830ed/town_votes_to_rescind_license_of_nj_gym_whose/,"[Pas de contenu textuel disponible, voir le titre ou le lien.]"
Coronavirus Vaccine Made In Saskatchewan Canada Is Now In The Testing Stages,maximilious,2020/03/12,https://www.reddit.com//r/worldnews/comments/fhmpsi/coronavirus_vaccine_made_in_saskatchewan_canada/,"[Pas de contenu textuel disponible, voir le titre ou le lien.]"
Kentucky Sen. Rand Paul tests positive for coronavirus,WagTheKat,2020/03/22,https://www.reddit.com//r/news/comments/fn3rlj/kentucky_sen_rand_paul_tests_positive_for/,"[Pas de contenu textuel disponible, voir le titre ou le lien.]"
White House goes quiet on coronavirus as outbreak spikes again across the U.S.,filmfan10,2020/06/10,https://www.reddit.com//r/politics/comments/h08aor/white_house_goes_quiet_on_coronavirus_as_outbreak/,"[Pas de contenu textuel disponible, voir le titre ou le lien.]"
Harvey Weinstein tests positive for coronavirus while in jail: Report,itsmyusersname,2020/03/22,https://www.reddit.com//r/television/comments/fn7yw6/harvey_weinstein_tests_positive_for_coronavirus/,"[Pas de contenu textuel disponible, voir le titre ou le lien.]"
Germany hails couch potatoes as heroes of coronavirus pandemic,indigo-alien,2020/11/15,https://www.reddit.com//r/worldnews/comments/julssn/germany_hails_couch_potatoes_as_heroes_of/,"[Pas de contenu textuel disponible, voir le titre ou le lien.]"
Coronavirus: Boris Johnson says easing lockdown would 'throw away effort and sacrifice of British people'.,sdsanth,2020/04/27,https://www.reddit.com//r/worldnews/comments/g8xh3m/coronavirus_boris_johnson_says_easing_lockdown/,"[Pas de contenu textuel disponible, voir le titre ou le lien.]"
More than 150 National Guard in Washington for inauguration test positive for coronavirus,numbermaniac,2021/01/23,https://www.reddit.com//r/news/comments/l31p5t/more_than_150_national_guard_in_washington_for/,"[Pas de contenu textuel disponible, voir le titre ou le lien.]"
China asked the WHO to cover up the coronavirus outbreak: German intelligence service,SentinelSpirit,2020/05/09,https://www.reddit.com//r/worldnews/comments/ggfpst/china_asked_the_who_to_cover_up_the_coronavirus/,"[Pas de contenu textuel disponible, voir le titre ou le lien.]"
Bill Gates funding the construction of factories for 7 different vaccines to fight coronavirus,Final-Fox,2020/04/03,https://www.reddit.com//r/worldnews/comments/fu8nwx/bill_gates_funding_the_construction_of_factories/,"[Pas de contenu textuel disponible, voir le titre ou le lien.]"
Coronavirus killing three times more people in the UK than flu and pneumonia combined.,NinjaDiscoJesus,2020/10/08,https://www.reddit.com//r/worldnews/comments/j7a7tn/coronavirus_killing_three_times_more_people_in/,"[Pas de contenu textuel disponible, voir le titre ou le lien.]"
"'I'll be right eventually': Trump again insists coronavirus will disappear, citing no evidence",DaFunkJunkie,2020/07/19,https://www.reddit.com//r/politics/comments/hu0sk6/ill_be_right_eventually_trump_again_insists/,"[Pas de contenu textuel disponible, voir le titre ou le lien.]"
Trump now claims he spoke 'sarcastically' when repeatedly suggesting people inject disinfectant to cure coronavirus,jigsawmap,2020/04/24,https://www.reddit.com//r/politics/comments/g7c29n/trump_now_claims_he_spoke_sarcastically_when/,"[Pas de contenu textuel disponible, voir le titre ou le lien.]"
"""have your views of the U.S changed during the Coronavirus crisis?""",whack-a-mole-innit,2020/06/25,https://www.reddit.com//r/europe/comments/hfhh6w/have_your_views_of_the_us_changed_during_the/,"[Pas de contenu textuel disponible, voir le titre ou le lien.]"
Donald Trump Called To Resign After Sleeping During Coronavirus Meeting: COVID19 Response A Failure,iggy555,2020/03/21,https://www.reddit.com//r/politics/comments/fmlth3/donald_trump_called_to_resign_after_sleeping/,"[Pas de contenu textuel disponible, voir le titre ou le lien.]"
"Young people driving coronavirus spread, WHO warns",CID_Nazir,2020/08/18,https://www.reddit.com//r/news/comments/ibzpvb/young_people_driving_coronavirus_spread_who_warns/,"[Pas de contenu textuel disponible, voir le titre ou le lien.]"
CNN Poll: Most Americans embarrassed by US response to coronavirus,Jeffmister,2020/08/19,https://www.reddit.com//r/politics/comments/ickv49/cnn_poll_most_americans_embarrassed_by_us/,"[Pas de contenu textuel disponible, voir le titre ou le lien.]"
Black doctor dies of coronavirus after reporting racist treatment at Carmel hospital,ectrosis,2020/12/24,https://www.reddit.com//r/news/comments/kjniif/black_doctor_dies_of_coronavirus_after_reporting/,"[Pas de contenu textuel disponible, voir le titre ou le lien.]"
"Coronavirus has fuelled authoritarian trends around the world, warns Australia",denton_paul,2020/09/02,https://www.reddit.com//r/worldnews/comments/ilffie/coronavirus_has_fuelled_authoritarian_trends/,"[Pas de contenu textuel disponible, voir le titre ou le lien.]"
"Coal industry will never recover after coronavirus pandemic, experts say",Virusdaythrowaway,2020/05/17,https://www.reddit.com//r/worldnews/comments/gle82k/coal_industry_will_never_recover_after/,"[Pas de contenu textuel disponible, voir le titre ou le lien.]"
